<?xml version="1.0" encoding="UTF-8"?>
<ti:app xmlns:ti="http://ti.appcelerator.org">
    <property name="acs-oauth-secret-production" type="string">O9Vb0LTZxJ1Y2He9BQZTlyCXtIVzu4Gr</property>
    <property name="acs-oauth-key-production" type="string">qLnLmDbgBjGimApA9c8c7HZdIGcPd7w4</property>
    <property name="acs-api-key-production" type="string">upgOXG3yNgdnltdHnxZOrykBFABy3GOS</property>
    <property name="acs-oauth-secret-development" type="string">qZ7bgjQjNW5SJHZyXFr92hDhLPrdHvmY</property>
    <property name="acs-oauth-key-development" type="string">TBEgSBjm7RQtpZBsYzvXscosuCOhxjGx</property>
    <property name="acs-api-key-development" type="string">mfU2LDLmpaouqj0n64I7N0TM8fbcbl0q</property>
    <id>com.patton.modelselect</id>
    <name>modelselect</name>
    <version>1.0</version>
    <publisher>I048564</publisher>
    <url>http://</url>
    <description>not specified</description>
    <copyright>2013 by I048564</copyright>
    <icon>appicon.png</icon>
    <persistent-wifi>false</persistent-wifi>
    <prerendered-icon>false</prerendered-icon>
    <statusbar-style>default</statusbar-style>
    <statusbar-hidden>false</statusbar-hidden>
    <fullscreen>false</fullscreen>
    <navbar-hidden>false</navbar-hidden>
    <analytics>true</analytics>
    <guid>eca152ee-d7f8-4415-88c5-dd72c1509d49</guid>
    <property name="ti.android.fastdev" type="bool">true</property>
    <property name="ti.ui.defaultunit" type="string">system</property>
    <iphone>
        <orientations device="iphone">
            <orientation>Ti.UI.PORTRAIT</orientation>
        </orientations>
        <orientations device="ipad">
            <orientation>Ti.UI.PORTRAIT</orientation>
            <orientation>Ti.UI.UPSIDE_PORTRAIT</orientation>
            <orientation>Ti.UI.LANDSCAPE_LEFT</orientation>
            <orientation>Ti.UI.LANDSCAPE_RIGHT</orientation>
        </orientations>
    </iphone>
    <android xmlns:android="http://schemas.android.com/apk/res/android">
        <tool-api-level>15</tool-api-level>
    </android>   
    <mobileweb>
        <precache/>
        <splash>
            <enabled>true</enabled>
            <inline-css-images>true</inline-css-images>
        </splash>
        <theme>default</theme>
    </mobileweb>
    <modules>
        <module platform="commonjs">ti.cloud</module>
    </modules>
    <deployment-targets>
        <target device="iphone">false</target>
        <target device="ipad">false</target>
        <target device="blackberry">false</target>
        <target device="android">true</target>
        <target device="mobileweb">true</target>
    </deployment-targets>
    <sdk-version>3.0.2.GA</sdk-version>
</ti:app>
